<?xml version="1.0" encoding="utf-16"?>
<BPRuntime xmlns:xsi="http://www.w3.org/2001/XMLSchema-instance" xmlns:xsd="http://www.w3.org/2001/XMLSchema">
  <Devices />
  <GasCircuitCount>16</GasCircuitCount>
  <LastPlayVideo>F:\vlc\a.mp4</LastPlayVideo>
  <UsingAllDevice>true</UsingAllDevice>
  <DeviceType>DTE_Wireless_433_CTL</DeviceType>
  <CurrentDevice>0</CurrentDevice>
  <BroadcastChannel>0</BroadcastChannel>
  <BaudRate>115200</BaudRate>
  <CurrentDeviceChannel>1</CurrentDeviceChannel>
  <SmellIdFrom>1</SmellIdFrom>
  <AdjustStep>1</AdjustStep>
</BPRuntime>